<?xml version="1.0" encoding="UTF-8"?>
<!DOCTYPE configuration PUBLIC "-//NetBeans//DTD Tool Configuration 1.0//EN" "http://www.netbeans.org/dtds/ToolConfiguration-1_0.dtd">
<configuration>
    <tool kind="hints" type="text/x-java">
        <node name="org.netbeans.modules.java.hints.jdk.UnnecessaryBoxing.run">
            <attribute name="boxing.prefer.cast" value="false"/>
        </node>
        <node name="org.netbeans.modules.java.hints.jdk.UseSpecificCatch">
            <attribute name="specificCatch.exceptions" value="java.lang.Throwable, java.lang.Exception"/>
        </node>
        <node name="org.netbeans.modules.java.hints.jdk.ThrowableInitCause">
            <attribute name="strict" value="false"/>
        </node>
        <node name="org.netbeans.modules.java.hints.suggestions.ConvertIfToSwitch">
            <attribute name="iftoswitch.generate.default" value="true"/>
            <attribute name="iftoswitch.branch.threshold" value="3"/>
        </node>
        <node name="create-javadoc">
            <attribute name="scope" value="protected"/>
            <attribute name="availabilitytrue" value="false"/>
        </node>
        <node name="org.netbeans.modules.java.hints.NoLoggers">
            <attribute name="custom-loggers" value="false"/>
            <attribute name="custom-loggers-list" value=""/>
        </node>
        <node name="error-in-javadoc">
            <attribute name="availabilityfalse" value="false"/>
            <attribute name="scope" value="protected"/>
        </node>
        <node name="org.netbeans.modules.java.hints.bugs.UnusedAssignmentOrBranch.unusedAssignment">
            <attribute name="enabled" value="false"/>
        </node>
    </tool>
</configuration>
