<?xml version="1.0" encoding="UTF-8"?>
<project-private xmlns="http://www.netbeans.org/ns/project-private/1">
    <editor-bookmarks xmlns="http://www.netbeans.org/ns/editor-bookmarks/2" lastBookmarkId="1">
        <file>
            <url>src/rs/ac/bg/etf/pp1/ast/VisitorAdaptor.java</url>
            <bookmark id="1">
                <name/>
                <line>40</line>
                <key/>
            </bookmark>
        </file>
    </editor-bookmarks>
    <open-files xmlns="http://www.netbeans.org/ns/projectui-open-files/2">
        <group>
            <file>jar:file:/C:/Users/Aleksandar/Documents/NetBeansProjects/MikrojavaKompajler/lib/symboltable.jar!/rs/etf/pp1/symboltable/concepts/Obj.java</file>
            <file>jar:file:/C:/Users/Aleksandar/Documents/NetBeansProjects/MikrojavaKompajler/lib/symboltable.jar!/rs/etf/pp1/symboltable/Tab.java</file>
            <file>jar:file:/C:/Users/Aleksandar/Documents/NetBeansProjects/MikrojavaKompajler/lib/mj-runtime-1.1.jar!/rs/etf/pp1/mj/runtime/Run.java</file>
            <file>jar:file:/C:/Users/Aleksandar/Documents/NetBeansProjects/MikrojavaKompajler/lib/mj-runtime-1.1.jar!/rs/etf/pp1/mj/runtime/disasm.java</file>
            <file>file:/C:/Users/Aleksandar/Documents/NetBeansProjects/MikrojavaKompajler/src/rs/ac/bg/etf/pp1/Compiler.java</file>
            <file>jar:file:/C:/Users/Aleksandar/Documents/NetBeansProjects/MikrojavaKompajler/lib/symboltable.jar!/rs/etf/pp1/symboltable/concepts/Struct.java</file>
            <file>file:/C:/Users/Aleksandar/Documents/NetBeansProjects/MikrojavaKompajler/src/rs/ac/bg/etf/pp1/SemanticAnalyzer.java</file>
            <file>file:/C:/Users/Aleksandar/Documents/NetBeansProjects/MikrojavaKompajler/src/rs/ac/bg/etf/pp1/Lexer.java</file>
            <file>file:/C:/Users/Aleksandar/Documents/NetBeansProjects/MikrojavaKompajler/src/rs/ac/bg/etf/pp1/CodeGenerator.java</file>
            <file>jar:file:/C:/Users/Aleksandar/Documents/NetBeansProjects/MikrojavaKompajler/lib/mj-runtime-1.1.jar!/rs/etf/pp1/mj/runtime/Code.java</file>
        </group>
    </open-files>
</project-private>
